id,date,title,description,threat_level,label
TR001,2025-03-26,Unknown Threat,,High,Threat
TR010,2025-03-26,Unknown Threat,,High,Threat
TR011,2025-03-26,Unknown Threat,,High,Threat
TR012,2025-03-26,Unknown Threat,,High,Threat
TR013,2025-03-26,Unknown Threat,,High,Threat
TR014,2025-03-26,Unknown Threat,,High,Threat
TR015,2025-03-26,Unknown Threat,,High,Threat
TR016,2025-03-26,Unknown Threat,,High,Threat
TR017,2025-03-26,Unknown Threat,,High,Threat
TR018,2025-03-26,Unknown Threat,,High,Threat
TR019,2025-03-26,Unknown Threat,,High,Threat
TR002,2025-03-26,Unknown Threat,,High,Threat
TR020,2025-03-26,Unknown Threat,,High,Threat
TR021,2025-03-26,Unknown Threat,,High,Threat
TR022,2025-03-26,Unknown Threat,,High,Threat
TR023,2025-03-26,Unknown Threat,,High,Threat
TR003,2025-03-26,Unknown Threat,,High,Threat
TR004,2025-03-26,Unknown Threat,,High,Threat
TR005,2025-03-26,Unknown Threat,,High,Threat
TR006,2025-03-26,Unknown Threat,,High,Threat
TR007,2025-03-26,Unknown Threat,,High,Threat
TR008,2025-03-26,Unknown Threat,,High,Threat
TR009,2025-03-26,Unknown Threat,,High,Threat
